,Time,Date,Upload (Mbit/s),Download (Mbit/s),Ping (ms)
0,13:36:25,2016-11-24,14.31,91.8,26.992
1,13:36:55,2016-11-24,14.12,88.19,24.532
2,13:37:25,2016-11-24,14.11,59.86,20.225
3,13:37:57,2016-11-24,14.22,91.81,19.332
4,13:38:27,2016-11-24,14.08,92.05,22.494
5,13:39:01,2016-11-24,14.18,91.88,17.586
6,13:39:30,2016-11-24,14.07,92.18,21.835
7,13:40:00,2016-11-24,14.13,92.05,20.464
8,13:40:30,2016-11-24,14.14,90.79,19.293
9,13:41:00,2016-11-24,14.07,92.64,20.354
10,13:41:30,2016-11-24,14.38,91.86,19.01
11,13:42:00,2016-11-24,14.23,92.24,18.092
12,13:42:30,2016-11-24,14.32,91.64,18.137
13,13:43:00,2016-11-24,14.2,92.85,18.344
14,13:43:29,2016-11-24,14.2,92.21,23.328
15,13:43:59,2016-11-24,11.36,92.24,17.908
16,13:44:31,2016-11-24,14.03,92.41,19.291
17,13:45:01,2016-11-24,14.17,90.39,20.117
18,13:45:32,2016-11-24,14.06,92.55,19.579
19,13:46:02,2016-11-24,13.71,78.51,16.364
20,13:46:34,2016-11-24,14.17,91.49,19.147
21,13:47:04,2016-11-24,14.16,91.46,19.342
22,13:47:34,2016-11-24,14.37,91.19,21.959
23,13:48:04,2016-11-24,13.87,91.64,19.951
24,13:48:36,2016-11-24,14.38,90.47,17.13
25,13:49:06,2016-11-24,14.19,91.9,19.822
26,13:49:35,2016-11-24,14.18,91.96,20.559
27,13:50:05,2016-11-24,14.23,92.24,16.649
28,13:50:35,2016-11-24,13.97,90.93,21.036
29,13:51:05,2016-11-24,14.28,92.36,22.457
30,13:51:35,2016-11-24,14.22,91.42,18.345
31,13:52:04,2016-11-24,14.14,91.36,22.255
32,13:52:34,2016-11-24,14.21,91.5,18.681
33,13:53:04,2016-11-24,14.03,92.04,17.665
34,13:53:34,2016-11-24,14.31,91.04,22.605
35,13:54:04,2016-11-24,14.12,92.07,17.445
36,13:54:34,2016-11-24,9.23,92.14,20.771
37,13:55:04,2016-11-24,13.97,92.3,18.916
38,13:55:37,2016-11-24,14.06,92.27,19.17
39,13:56:07,2016-11-24,10.73,91.89,19.197
40,13:56:40,2016-11-24,14.16,92.37,20.921
41,13:57:10,2016-11-24,14.35,91.98,18.565
42,13:57:39,2016-11-24,14.05,92.0,18.607
43,13:58:09,2016-11-24,14.3,91.14,17.826
44,13:58:40,2016-11-24,10.85,92.06,19.038
45,13:59:10,2016-11-24,14.28,90.45,19.712
46,13:59:40,2016-11-24,14.33,92.21,19.754
47,14:00:10,2016-11-24,7.4,88.81,22.427
48,14:00:41,2016-11-24,14.46,92.41,19.862
49,14:01:10,2016-11-24,14.25,92.25,18.858
50,14:01:40,2016-11-24,13.95,91.53,21.899
51,14:02:10,2016-11-24,13.7,91.09,19.482
52,14:02:40,2016-11-24,13.89,84.75,25.331
53,14:03:10,2016-11-24,14.23,92.42,19.632
54,14:03:40,2016-11-24,13.31,92.26,18.816
55,14:04:10,2016-11-24,14.06,92.0,20.994
56,14:04:40,2016-11-24,13.83,91.46,19.366
57,14:05:10,2016-11-24,14.09,90.88,18.014
58,14:05:40,2016-11-24,14.16,90.23,17.715
59,14:06:10,2016-11-24,14.18,91.82,20.273
60,14:06:40,2016-11-24,11.81,83.68,17.505
61,14:07:11,2016-11-24,13.96,88.98,20.7
62,14:07:41,2016-11-24,14.25,92.17,21.189
63,14:08:10,2016-11-24,13.8,91.8,21.28
64,14:08:41,2016-11-24,14.09,92.22,21.942
65,14:09:12,2016-11-24,14.04,91.83,21.935
66,14:09:41,2016-11-24,14.01,92.25,22.176
67,14:10:12,2016-11-24,14.3,91.81,20.493
68,14:10:41,2016-11-24,11.0,91.76,20.933
69,14:11:11,2016-11-24,14.28,91.79,22.627
70,14:11:41,2016-11-24,14.2,88.41,20.212
71,14:12:11,2016-11-24,14.05,90.03,20.465
72,14:12:42,2016-11-24,14.31,91.2,22.501
73,14:13:14,2016-11-24,13.84,91.98,21.149
74,14:13:44,2016-11-24,13.91,92.04,22.679
75,14:14:14,2016-11-24,13.93,92.04,20.85
76,14:14:43,2016-11-24,14.0,92.5,19.671
77,14:15:13,2016-11-24,14.22,91.17,21.312
78,14:15:43,2016-11-24,14.15,92.02,21.569
79,14:16:13,2016-11-24,14.11,92.31,23.272
80,14:16:44,2016-11-24,14.01,91.96,21.666
81,14:17:14,2016-11-24,14.05,91.36,18.758
82,14:17:44,2016-11-24,14.32,92.3,19.028
83,14:18:14,2016-11-24,13.8,89.2,19.764
84,14:18:44,2016-11-24,14.08,92.19,18.557
85,14:19:14,2016-11-24,10.02,87.69,22.456
86,14:19:50,2016-11-24,13.87,92.27,17.629
87,14:20:20,2016-11-24,13.98,92.25,19.136
88,14:20:52,2016-11-24,13.87,90.37,20.613
89,14:21:22,2016-11-24,14.07,90.88,19.783
90,14:21:52,2016-11-24,13.85,92.03,17.66
91,14:22:22,2016-11-24,13.64,91.72,22.224
92,14:22:52,2016-11-24,14.01,91.7,20.583
93,14:23:25,2016-11-24,13.96,89.82,18.076
94,14:23:55,2016-11-24,13.94,90.56,22.321
95,14:24:25,2016-11-24,13.49,87.97,21.325
96,14:24:55,2016-11-24,13.67,88.75,24.127
97,14:25:26,2016-11-24,14.07,90.74,20.6
98,14:25:58,2016-11-24,13.75,91.15,23.999
99,14:26:28,2016-11-24,14.09,91.64,18.905
100,14:26:58,2016-11-24,13.67,92.07,18.314
101,14:27:28,2016-11-24,13.66,89.03,19.381
102,14:27:59,2016-11-24,13.53,90.25,20.786
103,14:28:29,2016-11-24,14.02,91.49,20.707
104,14:28:59,2016-11-24,14.08,91.72,22.344
105,14:29:29,2016-11-24,14.29,92.35,22.241
106,14:29:59,2016-11-24,13.1,90.68,22.831
107,14:30:29,2016-11-24,14.08,89.8,25.202
108,14:30:59,2016-11-24,14.0,90.51,20.485
109,14:31:30,2016-11-24,13.97,91.39,21.81
110,14:32:00,2016-11-24,14.11,92.24,19.475
111,14:32:30,2016-11-24,14.34,92.33,18.487
112,14:32:59,2016-11-24,14.27,92.22,18.455
113,14:33:29,2016-11-24,14.03,92.28,19.053
114,14:33:59,2016-11-24,13.74,92.09,25.75
115,14:34:29,2016-11-24,13.91,91.76,21.786
116,14:34:59,2016-11-24,13.76,90.72,22.485
117,14:35:29,2016-11-24,13.97,91.46,24.378
118,14:36:06,2016-11-24,13.66,92.03,17.982
119,14:36:37,2016-11-24,13.99,90.17,22.381
120,14:37:07,2016-11-24,13.96,92.39,17.404
121,14:37:37,2016-11-24,14.32,91.33,17.221
122,14:38:07,2016-11-24,13.84,92.16,19.506
123,14:38:37,2016-11-24,13.81,91.85,18.704
124,14:39:07,2016-11-24,13.86,92.6,20.812
125,14:39:37,2016-11-24,13.64,91.6,20.928
126,14:40:07,2016-11-24,13.56,86.31,22.561
127,14:40:37,2016-11-24,14.11,91.2,21.889
128,14:41:08,2016-11-24,14.12,91.95,21.047
129,14:41:38,2016-11-24,14.15,92.06,17.954
130,14:42:08,2016-11-24,14.39,92.38,18.193
131,14:42:40,2016-11-24,14.19,91.29,23.33
132,14:43:11,2016-11-24,14.5,92.26,20.805
133,14:43:42,2016-11-24,14.05,92.32,20.67
134,14:44:12,2016-11-24,13.83,90.87,18.251
135,14:44:42,2016-11-24,14.0,92.56,19.772
136,14:45:13,2016-11-24,14.25,92.21,19.44
137,14:45:43,2016-11-24,13.26,91.33,23.605
138,14:46:13,2016-11-24,14.43,91.82,21.145
139,14:46:46,2016-11-24,14.36,91.21,19.755
140,14:47:15,2016-11-24,14.32,91.91,20.073
141,14:47:45,2016-11-24,14.04,92.02,18.29
142,14:48:15,2016-11-24,14.2,91.79,21.117
143,14:48:45,2016-11-24,14.09,91.94,20.077
144,14:49:15,2016-11-24,14.47,92.13,19.254
145,14:49:45,2016-11-24,13.79,89.36,17.752
146,14:50:15,2016-11-24,13.98,92.31,19.511
147,14:50:50,2016-11-24,14.38,89.8,17.377
148,14:51:20,2016-11-24,13.98,92.02,19.755
149,14:51:50,2016-11-24,14.21,91.3,20.084
150,14:52:20,2016-11-24,14.11,91.95,21.723
151,14:52:55,2016-11-24,13.73,92.38,19.317
152,14:53:25,2016-11-24,13.93,92.25,17.082
153,14:53:55,2016-11-24,14.3,91.98,17.574
154,14:54:25,2016-11-24,14.16,92.16,20.555
155,14:54:55,2016-11-24,14.41,91.97,20.322
156,14:55:25,2016-11-24,14.33,91.67,19.424
157,14:55:54,2016-11-24,13.87,90.08,19.423
158,14:56:24,2016-11-24,14.23,88.99,22.679
159,14:56:54,2016-11-24,14.02,90.98,23.688
160,14:57:24,2016-11-24,14.11,91.82,19.557
161,14:57:55,2016-11-24,13.72,58.48,18.818
162,14:58:24,2016-11-24,14.25,88.68,17.648
163,14:58:54,2016-11-24,14.16,92.64,18.766
164,14:59:24,2016-11-24,14.24,83.73,19.591
165,14:59:55,2016-11-24,14.04,91.74,24.292
166,15:00:25,2016-11-24,14.22,91.57,55.86
167,15:00:57,2016-11-24,14.26,91.58,21.093
168,15:01:27,2016-11-24,14.27,89.49,17.416
169,15:02:01,2016-11-24,13.9,91.34,18.155
170,15:02:31,2016-11-24,14.29,91.91,19.995
171,15:03:01,2016-11-24,14.46,91.99,19.726
172,15:03:31,2016-11-24,14.29,90.96,26.347
173,15:04:01,2016-11-24,14.29,90.93,21.724
174,15:04:31,2016-11-24,14.08,91.99,20.31
175,15:05:00,2016-11-24,14.15,92.13,18.902
176,15:05:30,2016-11-24,13.66,91.9,19.73
177,15:06:01,2016-11-24,14.41,74.31,19.952
178,15:06:33,2016-11-24,14.34,91.82,19.048
179,15:07:04,2016-11-24,14.16,91.7,20.056
180,15:07:34,2016-11-24,14.23,91.73,20.592
181,15:08:04,2016-11-24,14.25,91.87,23.398
182,15:08:34,2016-11-24,14.26,92.35,19.048
183,15:09:04,2016-11-24,13.98,92.12,18.941
184,15:09:34,2016-11-24,14.15,91.77,20.026
185,15:10:04,2016-11-24,14.13,91.99,18.891
186,15:10:34,2016-11-24,12.84,92.13,21.565
187,15:11:05,2016-11-24,13.81,92.15,20.573
188,15:11:36,2016-11-24,13.36,91.97,18.532
189,15:12:06,2016-11-24,13.56,91.95,20.694
190,15:12:37,2016-11-24,13.76,91.3,19.762
191,15:13:07,2016-11-24,13.62,91.76,17.32
192,15:13:37,2016-11-24,13.63,92.25,23.625
193,15:14:07,2016-11-24,13.79,92.01,18.992
194,15:14:37,2016-11-24,14.0,90.93,19.485
195,15:15:07,2016-11-24,13.46,91.97,18.498
196,15:15:45,2016-11-24,13.11,92.7,24.064
197,15:16:15,2016-11-24,13.87,91.97,21.577
198,15:16:45,2016-11-24,13.54,90.87,20.588
199,15:17:15,2016-11-24,13.42,91.94,21.084
200,15:17:45,2016-11-24,13.93,92.72,19.706
201,15:18:15,2016-11-24,13.9,91.92,18.141
202,15:18:44,2016-11-24,14.06,91.83,23.539
203,15:19:14,2016-11-24,13.94,91.4,19.633
204,15:19:44,2016-11-24,14.11,91.39,19.139
205,15:20:14,2016-11-24,13.25,92.62,18.941
206,15:20:44,2016-11-24,13.32,91.3,20.859
207,15:21:14,2016-11-24,13.68,92.22,20.273
208,15:21:44,2016-11-24,13.87,83.14,23.112
209,15:22:15,2016-11-24,13.57,90.9,25.45
210,15:22:47,2016-11-24,13.69,92.39,17.727
211,15:23:17,2016-11-24,13.61,92.12,21.293
212,15:23:47,2016-11-24,14.01,68.87,24.47
213,15:24:20,2016-11-24,14.08,91.14,20.256
214,15:24:50,2016-11-24,14.53,91.99,21.197
215,15:25:20,2016-11-24,14.06,92.07,21.164
216,15:25:50,2016-11-24,14.29,92.0,19.546
217,15:26:20,2016-11-24,13.8,91.59,16.167
218,15:26:50,2016-11-24,14.42,90.36,16.774
219,15:27:20,2016-11-24,14.29,91.54,21.436
220,15:27:50,2016-11-24,13.65,92.79,20.84
221,15:28:20,2016-11-24,14.23,92.64,18.484
222,15:28:50,2016-11-24,14.06,92.12,21.908
223,15:29:20,2016-11-24,14.03,91.86,18.861
224,15:29:51,2016-11-24,13.78,92.53,21.869
225,15:30:21,2016-11-24,14.08,90.79,20.83
226,15:30:51,2016-11-24,14.06,91.44,24.636
227,15:31:21,2016-11-24,13.61,91.64,22.266
228,15:31:51,2016-11-24,14.26,91.77,20.182
229,15:32:25,2016-11-24,14.24,89.33,21.307
230,15:32:55,2016-11-24,14.41,92.73,22.421
231,15:33:25,2016-11-24,13.89,92.63,22.71
232,15:33:55,2016-11-24,14.07,92.57,19.109
233,15:34:24,2016-11-24,14.07,91.35,19.926
234,15:34:55,2016-11-24,14.42,91.02,20.826
235,15:35:25,2016-11-24,14.22,90.25,20.169
236,15:35:54,2016-11-24,13.85,90.62,20.888
237,15:36:24,2016-11-24,14.18,92.58,22.072
238,15:36:54,2016-11-24,13.92,91.75,23.593
239,15:37:24,2016-11-24,13.37,92.25,20.318
240,15:37:54,2016-11-24,12.62,90.84,20.096
241,15:38:24,2016-11-24,13.61,91.77,18.27
242,15:38:54,2016-11-24,13.39,91.58,23.366
243,15:39:25,2016-11-24,8.93,74.46,18.957
244,15:39:57,2016-11-24,13.31,92.23,20.018
245,15:40:29,2016-11-24,13.34,92.54,18.813
246,15:41:00,2016-11-24,13.74,91.66,22.802
247,15:41:30,2016-11-24,13.39,91.39,21.964
248,15:42:00,2016-11-24,13.53,91.3,20.904
249,15:42:30,2016-11-24,13.49,91.84,21.791
250,15:43:00,2016-11-24,13.75,87.06,22.561
251,15:43:31,2016-11-24,13.44,89.06,21.989
252,15:44:01,2016-11-24,13.19,91.9,22.062
253,15:44:30,2016-11-24,13.33,91.1,21.956
254,15:45:01,2016-11-24,13.37,91.71,21.57
255,15:45:31,2016-11-24,13.0,91.57,20.813
256,15:46:01,2016-11-24,12.93,87.11,25.526
257,15:46:31,2016-11-24,13.33,90.36,22.65
258,15:47:01,2016-11-24,12.98,91.27,26.578
259,15:47:31,2016-11-24,13.04,91.07,20.98
260,15:48:01,2016-11-24,13.1,92.52,25.114
261,15:48:37,2016-11-24,12.35,91.69,20.359
262,15:49:10,2016-11-24,13.19,91.58,20.882
263,15:49:40,2016-11-24,13.87,91.87,17.355
264,15:50:10,2016-11-24,13.81,88.01,20.452
265,15:50:40,2016-11-24,13.71,91.94,19.984
266,15:51:10,2016-11-24,13.54,91.1,22.797
267,15:51:40,2016-11-24,13.39,92.17,21.321
268,15:52:12,2016-11-24,13.51,91.49,18.615
269,15:52:42,2016-11-24,13.5,85.49,20.308
270,15:53:18,2016-11-24,13.65,92.22,19.031
271,15:53:54,2016-11-24,13.59,92.25,17.851
272,15:54:24,2016-11-24,13.7,91.74,18.256
273,15:54:54,2016-11-24,13.64,92.14,17.273
274,15:55:24,2016-11-24,13.53,90.26,22.798
275,15:55:54,2016-11-24,13.56,89.98,20.749
276,15:56:24,2016-11-24,13.36,91.89,20.517
277,15:56:54,2016-11-24,14.01,91.77,18.083
278,15:57:24,2016-11-24,13.95,92.16,21.554
279,15:57:54,2016-11-24,14.24,92.1,19.645
280,15:58:24,2016-11-24,13.44,90.77,22.01
281,15:58:53,2016-11-24,13.31,88.43,22.089
282,15:59:24,2016-11-24,13.18,89.46,18.988
283,15:59:54,2016-11-24,13.22,91.88,19.109
284,16:00:24,2016-11-24,9.7,92.21,19.236
285,16:00:56,2016-11-24,13.4,92.34,23.349
286,16:01:26,2016-11-24,13.73,91.79,21.709
287,16:01:56,2016-11-24,13.64,91.94,21.174
288,16:02:26,2016-11-24,13.17,92.16,18.41
289,16:02:56,2016-11-24,13.55,90.4,22.199
290,16:03:29,2016-11-24,13.16,91.09,25.04
291,16:04:00,2016-11-24,13.38,91.69,20.122
292,16:04:30,2016-11-24,13.42,91.93,21.772
293,16:05:00,2016-11-24,13.2,91.92,18.295
294,16:05:30,2016-11-24,13.04,91.16,21.232
295,16:06:00,2016-11-24,13.21,87.69,20.565
296,16:06:30,2016-11-24,13.25,92.13,21.546
297,16:07:00,2016-11-24,13.07,91.93,18.059
298,16:07:30,2016-11-24,13.34,92.24,21.004
299,16:08:00,2016-11-24,13.38,91.99,21.31
300,16:08:30,2016-11-24,13.45,91.77,23.978
301,16:09:00,2016-11-24,13.37,91.31,21.924
302,16:09:31,2016-11-24,13.46,91.6,20.669
303,16:10:01,2016-11-24,13.64,92.3,21.775
304,16:10:31,2016-11-24,13.33,90.54,20.942
305,16:11:01,2016-11-24,12.41,90.97,21.843
306,16:11:31,2016-11-24,13.06,90.08,21.906
307,16:12:01,2016-11-24,12.46,88.6,23.331
308,16:12:31,2016-11-24,13.14,91.68,22.569
309,16:13:02,2016-11-24,13.25,91.89,17.265
310,16:13:32,2016-11-24,12.73,91.98,18.967
311,16:14:02,2016-11-24,12.79,92.64,19.44
312,16:14:33,2016-11-24,13.98,92.61,20.452
313,16:15:02,2016-11-24,12.96,88.72,19.496
314,16:15:36,2016-11-24,11.72,92.59,23.168
315,16:16:06,2016-11-24,12.78,90.09,20.149
316,16:16:37,2016-11-24,13.31,91.76,20.882
317,16:17:07,2016-11-24,12.56,91.12,18.078
318,16:17:38,2016-11-24,12.9,91.59,17.782
319,16:18:08,2016-11-24,12.21,91.16,17.791
320,16:18:47,2016-11-24,12.24,92.35,18.988
321,16:19:17,2016-11-24,13.1,91.64,22.42
322,16:19:47,2016-11-24,12.17,90.18,20.09
323,16:20:17,2016-11-24,12.12,92.56,19.617
324,16:20:50,2016-11-24,13.29,92.11,21.881
325,16:21:21,2016-11-24,13.95,92.18,27.408
326,16:21:54,2016-11-24,13.86,92.59,19.746
327,16:22:24,2016-11-24,14.14,90.28,19.294
328,16:22:54,2016-11-24,12.94,91.57,16.853
329,16:23:26,2016-11-24,14.15,91.92,20.168
330,16:23:56,2016-11-24,13.58,90.92,20.841
331,16:24:26,2016-11-24,13.93,91.26,18.108
332,16:24:56,2016-11-24,14.29,91.39,18.108
333,16:25:25,2016-11-24,14.17,91.44,19.962
334,16:25:55,2016-11-24,13.88,92.82,19.377
335,16:26:25,2016-11-24,14.14,88.94,23.496
336,16:26:54,2016-11-24,13.83,90.21,21.449
337,16:27:24,2016-11-24,12.74,92.36,20.348
338,16:27:54,2016-11-24,13.52,92.78,19.203
339,16:28:24,2016-11-24,13.25,92.47,18.927
340,16:28:55,2016-11-24,13.92,91.51,19.406
341,16:29:25,2016-11-24,14.42,92.17,19.115
342,16:29:54,2016-11-24,14.51,92.52,19.294
343,16:30:24,2016-11-24,13.77,92.36,21.279
344,16:30:54,2016-11-24,14.32,92.23,22.478
345,16:31:24,2016-11-24,14.06,92.36,19.819
346,16:31:54,2016-11-24,14.18,92.76,22.343
347,16:32:24,2016-11-24,14.05,91.83,19.914
348,16:32:54,2016-11-24,14.48,91.17,17.355
349,16:33:24,2016-11-24,14.47,90.09,18.756
350,16:33:54,2016-11-24,14.14,91.89,20.576
351,16:34:24,2016-11-24,13.85,92.48,18.652
352,16:34:56,2016-11-24,13.98,92.25,19.985
353,16:35:26,2016-11-24,13.88,88.16,18.769
354,16:35:56,2016-11-24,14.23,92.08,21.599
355,16:36:27,2016-11-24,14.23,91.64,21.475
356,16:36:57,2016-11-24,13.99,92.49,19.02
357,16:37:27,2016-11-24,14.31,92.08,19.27
358,16:37:57,2016-11-24,14.25,90.85,19.308
359,16:38:27,2016-11-24,14.17,90.61,22.888
360,16:38:57,2016-11-24,14.04,91.76,20.148
361,16:39:27,2016-11-24,14.16,90.64,23.361
362,16:39:57,2016-11-24,14.54,92.32,19.024
363,16:40:27,2016-11-24,14.34,92.47,18.896
364,16:40:57,2016-11-24,14.06,91.68,22.571
365,16:41:27,2016-11-24,13.94,92.22,22.136
366,16:41:57,2016-11-24,14.23,89.86,19.885
367,16:42:27,2016-11-24,10.9,92.29,18.199
368,16:43:00,2016-11-24,13.76,90.3,25.933
369,16:43:30,2016-11-24,14.24,91.77,20.068
370,16:44:00,2016-11-24,14.35,92.2,19.33
371,16:44:30,2016-11-24,14.04,90.51,22.246
372,16:45:01,2016-11-24,13.6,91.5,22.346
373,16:45:31,2016-11-24,13.99,91.69,21.009
374,16:46:01,2016-11-24,9.77,92.41,21.801
375,16:46:35,2016-11-24,13.88,92.19,18.76
376,16:47:05,2016-11-24,13.33,92.24,20.999
377,16:47:35,2016-11-24,13.64,89.07,19.565
378,16:48:05,2016-11-24,14.01,90.66,25.274
379,16:48:35,2016-11-24,13.33,90.69,19.283
380,16:49:05,2016-11-24,13.3,90.53,22.689
381,16:49:35,2016-11-24,10.63,88.17,27.662
382,16:50:06,2016-11-24,14.08,89.84,17.921
383,16:50:35,2016-11-24,14.21,91.61,20.452
384,16:51:05,2016-11-24,13.25,91.1,19.624
385,16:51:36,2016-11-24,13.84,92.65,18.44
386,16:52:05,2016-11-24,13.61,89.87,24.559
387,16:52:36,2016-11-24,13.46,89.31,19.596
388,16:53:05,2016-11-24,13.07,92.58,22.922
389,16:53:36,2016-11-24,13.74,92.03,23.236
390,16:54:05,2016-11-24,13.92,92.05,26.869
391,16:54:39,2016-11-24,13.97,92.16,22.181
392,16:55:11,2016-11-24,13.71,87.18,21.874
393,16:55:41,2016-11-24,14.14,91.79,20.038
394,16:56:13,2016-11-24,14.07,91.76,21.667
395,16:56:43,2016-11-24,14.32,92.4,19.829
396,16:57:13,2016-11-24,14.38,92.23,21.561
397,16:57:43,2016-11-24,14.01,89.93,21.492
398,16:58:12,2016-11-24,13.47,91.39,21.665
399,16:58:47,2016-11-24,13.95,87.7,20.753
400,16:59:17,2016-11-24,14.12,90.52,20.777
401,16:59:47,2016-11-24,12.75,92.85,17.827
402,17:00:17,2016-11-24,10.32,90.89,22.945
403,17:00:49,2016-11-24,14.1,84.78,24.298
404,17:01:19,2016-11-24,13.81,91.54,23.326
405,17:01:49,2016-11-24,13.54,90.99,23.231
406,17:02:19,2016-11-24,14.03,92.86,20.442
407,17:02:49,2016-11-24,13.98,92.87,20.8
408,17:03:19,2016-11-24,13.24,89.72,22.576
409,17:03:49,2016-11-24,13.69,59.71,21.782
410,17:04:19,2016-11-24,14.13,92.64,20.116
411,17:04:49,2016-11-24,14.05,91.9,17.957
412,17:05:21,2016-11-24,14.39,75.13,21.972
413,17:05:53,2016-11-24,14.22,92.59,20.029
414,17:06:23,2016-11-24,13.91,90.7,22.818
415,17:06:53,2016-11-24,14.36,92.39,21.137
416,17:07:23,2016-11-24,14.51,87.05,18.715
417,17:07:53,2016-11-24,14.46,92.27,21.525
418,17:08:23,2016-11-24,14.1,89.43,22.539
419,17:08:54,2016-11-24,14.04,91.57,20.492
420,17:09:23,2016-11-24,13.4,91.77,21.133
421,17:09:53,2016-11-24,13.46,89.64,19.242
422,17:10:23,2016-11-24,12.97,92.48,22.424
423,17:10:53,2016-11-24,13.34,91.59,26.1
424,17:11:24,2016-11-24,13.87,92.65,20.906
425,17:11:56,2016-11-24,14.24,91.82,18.261
426,17:12:25,2016-11-24,14.06,92.21,17.306
427,17:12:56,2016-11-24,14.09,92.62,19.516
428,17:13:25,2016-11-24,14.03,92.09,23.181
429,17:13:55,2016-11-24,13.88,90.63,18.527
430,17:14:26,2016-11-24,13.95,92.42,21.381
431,17:14:55,2016-11-24,14.07,90.22,28.074
432,17:15:25,2016-11-24,13.92,73.08,19.97
433,17:15:57,2016-11-24,14.34,90.04,18.716
434,17:16:27,2016-11-24,13.92,92.61,17.808
435,17:16:57,2016-11-24,13.96,92.51,20.901
436,17:17:27,2016-11-24,14.17,92.42,20.174
437,17:17:57,2016-11-24,14.45,92.51,19.41
438,17:18:26,2016-11-24,13.68,92.04,21.159
439,17:18:57,2016-11-24,13.59,91.68,20.884
440,17:19:26,2016-11-24,14.02,92.78,19.361
441,17:19:56,2016-11-24,14.13,91.3,19.876
442,17:20:26,2016-11-24,13.98,92.02,18.166
443,17:20:56,2016-11-24,14.18,91.07,19.458
444,17:21:26,2016-11-24,13.78,91.26,19.117
445,17:21:56,2016-11-24,13.19,91.95,19.55
446,17:22:28,2016-11-24,13.74,91.77,20.761
447,17:22:58,2016-11-24,13.69,91.57,20.058
448,17:23:28,2016-11-24,13.6,92.32,18.755
449,17:23:59,2016-11-24,13.75,88.73,19.283
450,17:24:29,2016-11-24,13.58,87.21,30.099
451,17:25:04,2016-11-24,14.02,91.68,24.125
452,17:25:34,2016-11-24,14.24,92.05,20.012
453,17:26:05,2016-11-24,13.8,91.84,23.519
454,17:26:35,2016-11-24,14.18,92.6,17.702
455,17:27:05,2016-11-24,13.78,91.82,20.02
456,17:27:34,2016-11-24,14.08,91.07,19.83
457,17:28:05,2016-11-24,13.84,92.07,23.013
458,17:28:35,2016-11-24,14.22,90.4,21.437
459,17:29:05,2016-11-24,13.99,91.86,19.121
460,17:29:36,2016-11-24,12.3,91.89,22.998
461,17:30:06,2016-11-24,9.21,91.42,76.528
462,17:30:43,2016-11-24,7.73,88.89,66.9
463,17:31:15,2016-11-24,8.21,90.37,62.229
464,17:31:47,2016-11-24,6.21,91.56,62.836
465,17:32:18,2016-11-24,8.21,80.52,56.454
466,17:32:50,2016-11-24,14.24,91.38,44.51
467,17:33:24,2016-11-24,14.16,91.33,21.168
468,17:33:54,2016-11-24,14.11,91.77,18.95
469,17:34:24,2016-11-24,13.84,92.27,20.068
470,17:34:54,2016-11-24,14.11,90.48,22.003
471,17:35:24,2016-11-24,13.14,89.54,22.341
472,17:35:53,2016-11-24,14.19,91.48,22.414
473,17:36:23,2016-11-24,13.78,92.48,19.366
474,17:36:53,2016-11-24,14.05,91.63,18.854
475,17:37:23,2016-11-24,14.33,92.32,18.137
476,17:37:53,2016-11-24,13.84,92.35,23.203
477,17:38:23,2016-11-24,14.11,90.97,25.659
478,17:38:53,2016-11-24,14.25,91.75,21.342
479,17:39:22,2016-11-24,14.27,89.66,19.416
480,17:39:53,2016-11-24,14.49,91.57,20.924
481,17:40:22,2016-11-24,13.89,91.99,18.632
482,17:40:55,2016-11-24,14.31,92.24,21.057
483,17:41:25,2016-11-24,13.78,92.31,25.258
484,17:41:55,2016-11-24,14.26,91.53,21.565
485,17:42:25,2016-11-24,13.76,92.27,20.514
486,17:43:01,2016-11-24,13.6,90.41,21.027
487,17:43:31,2016-11-24,14.03,91.7,19.978
488,17:44:01,2016-11-24,14.3,91.62,17.708
489,17:44:31,2016-11-24,14.27,88.53,21.897
490,17:45:01,2016-11-24,14.15,92.39,20.145
491,17:45:31,2016-11-24,14.12,91.75,20.559
492,17:46:00,2016-11-24,14.09,92.37,20.27
493,17:46:30,2016-11-24,14.16,89.24,19.548
494,17:47:00,2016-11-24,13.76,72.95,19.444
495,17:47:32,2016-11-24,13.4,92.41,20.496
496,17:48:02,2016-11-24,13.68,92.41,17.816
497,17:48:32,2016-11-24,13.88,92.27,20.223
498,17:49:04,2016-11-24,13.89,90.04,20.649
499,17:49:34,2016-11-24,13.87,90.4,21.587
500,17:50:07,2016-11-24,14.21,92.12,20.607
501,17:50:37,2016-11-24,14.04,91.89,18.599
502,17:51:07,2016-11-24,14.04,91.05,21.216
503,17:51:37,2016-11-24,14.07,89.19,19.968
504,17:52:07,2016-11-24,14.06,92.02,20.245
505,17:52:37,2016-11-24,13.76,92.59,20.592
506,17:53:07,2016-11-24,13.88,91.11,20.502
507,17:53:37,2016-11-24,14.18,89.88,18.1
508,17:54:08,2016-11-24,13.93,92.01,18.842
509,17:54:38,2016-11-24,14.13,90.04,18.914
510,17:55:08,2016-11-24,14.13,90.5,19.557
511,17:55:37,2016-11-24,14.14,92.08,20.483
512,17:56:11,2016-11-24,13.95,90.45,19.929
513,17:56:41,2016-11-24,14.16,91.52,20.102
514,17:57:13,2016-11-24,14.31,90.18,20.588
515,17:57:43,2016-11-24,13.62,89.11,18.254
516,17:58:13,2016-11-24,13.49,92.62,20.47
517,17:58:42,2016-11-24,13.62,92.61,21.694
518,17:59:12,2016-11-24,14.44,91.0,20.484
519,17:59:43,2016-11-24,14.11,91.51,23.434
520,18:00:13,2016-11-24,8.5,88.51,24.961
521,18:00:44,2016-11-24,13.9,91.08,20.062
522,18:01:14,2016-11-24,14.46,88.37,17.464
523,18:01:45,2016-11-24,14.0,90.26,20.219
524,18:02:15,2016-11-24,14.55,92.06,18.363
525,18:02:45,2016-11-24,14.46,92.59,21.175
526,18:03:14,2016-11-24,14.27,91.78,19.994
527,18:03:44,2016-11-24,14.42,90.23,26.073
528,18:04:14,2016-11-24,14.44,83.78,21.29
529,18:04:44,2016-11-24,14.05,91.87,19.106
530,18:05:14,2016-11-24,14.21,91.99,19.948
531,18:05:43,2016-11-24,14.21,92.0,19.766
532,18:06:13,2016-11-24,14.06,90.61,20.605
533,18:06:43,2016-11-24,14.13,92.51,20.542
534,18:07:13,2016-11-24,9.55,92.09,20.061
535,18:07:44,2016-11-24,14.18,88.75,19.83
536,18:08:14,2016-11-24,13.98,87.02,22.949
537,18:08:46,2016-11-24,14.12,90.1,22.737
538,18:09:16,2016-11-24,14.19,92.51,19.155
539,18:09:46,2016-11-24,14.12,92.37,19.435
540,18:10:16,2016-11-24,14.45,90.16,19.733
541,18:10:46,2016-11-24,14.13,90.8,21.347
542,18:11:16,2016-11-24,14.5,91.46,21.858
543,18:11:45,2016-11-24,14.34,90.05,18.934
544,18:12:15,2016-11-24,14.23,85.75,18.917
545,18:12:45,2016-11-24,13.97,90.17,20.914
546,18:13:15,2016-11-24,13.9,89.66,26.676
547,18:13:45,2016-11-24,13.48,88.2,24.697
548,18:14:19,2016-11-24,8.51,90.84,18.138
549,18:14:50,2016-11-24,13.85,89.07,21.394
550,18:15:20,2016-11-24,13.98,91.62,19.796
551,18:15:50,2016-11-24,13.53,90.22,21.959
552,18:16:20,2016-11-24,13.75,90.85,20.708
553,18:16:49,2016-11-24,14.33,87.63,17.668
554,18:17:19,2016-11-24,8.15,91.07,24.898
555,18:17:49,2016-11-24,8.28,89.89,52.332
556,18:18:20,2016-11-24,7.76,90.89,54.844
557,18:18:52,2016-11-24,13.47,88.34,55.587
558,18:19:23,2016-11-24,13.71,92.25,21.638
559,18:19:53,2016-11-24,13.74,90.63,20.036
560,18:20:24,2016-11-24,13.72,92.34,21.624
561,18:20:54,2016-11-24,13.7,91.43,23.16
562,18:21:24,2016-11-24,13.87,92.09,20.829
563,18:21:56,2016-11-24,14.29,91.65,19.457
564,18:22:27,2016-11-24,14.11,90.8,19.75
565,18:22:57,2016-11-24,14.17,88.22,23.035
566,18:23:26,2016-11-24,14.03,88.08,20.33
567,18:23:57,2016-11-24,13.5,90.32,17.697
568,18:24:27,2016-11-24,13.52,88.85,24.363
569,18:24:57,2016-11-24,13.84,91.72,23.473
570,18:25:30,2016-11-24,13.35,92.17,19.552
571,18:26:00,2016-11-24,13.94,91.12,19.129
572,18:26:30,2016-11-24,13.72,92.3,20.84
573,18:27:01,2016-11-24,13.85,91.06,18.903
574,18:27:32,2016-11-24,13.77,75.65,20.691
575,18:28:05,2016-11-24,13.54,91.19,21.206
576,18:28:35,2016-11-24,13.88,87.3,18.649
577,18:29:05,2016-11-24,14.21,87.85,23.095
578,18:29:36,2016-11-24,14.53,91.59,20.65
579,18:30:06,2016-11-24,13.96,90.54,19.947
580,18:30:36,2016-11-24,13.65,91.62,18.595
581,18:31:06,2016-11-24,13.3,86.26,21.49
582,18:31:36,2016-11-24,13.73,91.11,18.449
583,18:32:07,2016-11-24,13.6,92.06,19.274
584,18:32:37,2016-11-24,13.47,90.97,16.611
585,18:33:09,2016-11-24,13.65,87.67,18.003
586,18:33:40,2016-11-24,13.88,91.67,17.738
587,18:34:10,2016-11-24,14.07,85.65,21.001
588,18:34:40,2016-11-24,14.08,91.38,19.207
589,18:35:11,2016-11-24,13.43,84.74,21.836
590,18:35:43,2016-11-24,14.31,91.17,23.799
591,18:36:13,2016-11-24,13.66,85.12,17.687
592,18:36:44,2016-11-24,9.21,88.97,20.074
593,18:37:14,2016-11-24,13.72,86.61,20.535
594,18:37:44,2016-11-24,13.73,86.74,18.617
595,18:38:14,2016-11-24,14.02,91.53,20.704
596,18:38:44,2016-11-24,13.87,91.77,18.259
597,18:39:15,2016-11-24,14.09,90.42,19.609
598,18:39:45,2016-11-24,14.28,91.16,19.064
599,18:40:15,2016-11-24,13.77,90.34,20.253
600,18:40:46,2016-11-24,14.23,89.17,22.819
601,18:41:17,2016-11-24,14.54,90.27,18.038
602,18:41:47,2016-11-24,14.22,90.94,20.787
603,18:42:17,2016-11-24,14.26,90.68,20.604
604,18:42:47,2016-11-24,14.17,88.65,20.905
605,18:43:17,2016-11-24,14.15,89.09,19.762
606,18:43:48,2016-11-24,14.08,87.93,17.83
607,18:44:18,2016-11-24,13.87,89.89,19.706
608,18:44:49,2016-11-24,14.36,87.76,21.97
609,18:45:26,2016-11-24,14.18,83.81,19.446
610,18:45:57,2016-11-24,14.24,87.74,18.065
611,18:46:27,2016-11-24,14.47,91.16,22.022
612,18:46:58,2016-11-24,14.14,91.36,19.623
613,18:47:28,2016-11-24,14.18,91.84,18.705
614,18:47:59,2016-11-24,14.0,89.52,19.648
615,18:48:29,2016-11-24,13.77,90.41,24.782
616,18:49:00,2016-11-24,13.88,91.38,24.226
617,18:49:30,2016-11-24,13.81,88.79,27.692
618,18:50:00,2016-11-24,13.86,89.9,19.714
619,18:50:31,2016-11-24,13.86,92.04,18.517
620,18:51:02,2016-11-24,13.99,88.28,23.322
621,18:51:32,2016-11-24,14.07,90.05,21.479
622,18:52:02,2016-11-24,14.15,90.41,18.426
623,18:52:32,2016-11-24,14.12,88.83,19.131
624,18:53:02,2016-11-24,14.14,91.04,20.171
625,18:53:33,2016-11-24,14.01,88.23,17.712
626,18:54:04,2016-11-24,14.19,90.16,21.089
627,18:54:34,2016-11-24,14.32,90.66,18.271
628,18:55:05,2016-11-24,14.43,90.79,16.716
629,18:55:35,2016-11-24,14.22,88.83,20.406
630,18:56:06,2016-11-24,14.24,85.89,20.012
631,18:56:36,2016-11-24,14.35,86.71,22.776
632,18:57:06,2016-11-24,13.91,88.8,21.437
633,18:57:37,2016-11-24,13.41,83.11,23.221
634,18:58:08,2016-11-24,13.89,91.04,20.229
635,18:58:39,2016-11-24,14.02,91.33,20.237
636,18:59:10,2016-11-24,14.08,89.15,20.431
637,18:59:40,2016-11-24,14.19,87.93,18.71
638,19:00:11,2016-11-24,6.87,79.42,22.444
639,19:00:43,2016-11-24,14.48,89.62,22.17
640,19:01:14,2016-11-24,14.06,85.52,20.748
641,19:01:45,2016-11-24,13.86,90.3,22.259
642,19:02:15,2016-11-24,13.5,84.59,18.607
643,19:02:46,2016-11-24,13.99,87.31,19.104
644,19:03:16,2016-11-24,14.28,84.72,17.316
645,19:03:45,2016-11-24,13.83,86.3,19.767
646,19:04:16,2016-11-24,13.57,87.1,19.404
647,19:04:46,2016-11-24,14.21,89.59,18.202
648,19:05:17,2016-11-24,14.02,84.36,21.895
649,19:05:48,2016-11-24,14.25,87.46,19.598
650,19:06:18,2016-11-24,13.55,88.81,19.052
651,19:06:48,2016-11-24,14.39,75.29,17.349
652,19:07:19,2016-11-24,14.12,84.18,21.164
653,19:07:49,2016-11-24,13.95,88.41,19.757
654,19:08:20,2016-11-24,13.79,83.09,21.59
655,19:08:51,2016-11-24,13.99,83.86,17.428
656,19:09:20,2016-11-24,12.6,87.0,23.409
657,19:09:51,2016-11-24,14.41,88.76,18.122
658,19:10:21,2016-11-24,13.83,90.67,18.846
659,19:10:55,2016-11-24,14.22,86.04,22.126
660,19:11:26,2016-11-24,12.16,87.12,19.223
661,19:11:58,2016-11-24,14.35,85.63,21.667
662,19:12:28,2016-11-24,14.4,88.73,19.038
663,19:12:58,2016-11-24,14.43,84.15,21.831
664,19:13:29,2016-11-24,14.16,89.0,18.812
665,19:14:00,2016-11-24,14.13,86.3,18.158
666,19:14:30,2016-11-24,13.94,86.07,21.874
667,19:15:01,2016-11-24,14.18,83.97,23.073
668,19:15:32,2016-11-24,14.35,88.67,20.952
669,19:16:04,2016-11-24,14.35,84.86,19.397
670,19:16:34,2016-11-24,14.33,84.99,20.117
671,19:17:04,2016-11-24,6.88,86.21,17.995
679,19:18:16,2016-11-24,14.23,85.69,22.175
